Student_ID,Name,Major,Desired_Role,Target_Company,Est_Interaction_Time_Mins
S95822412,Allison Hill,Cybersecurity,Cloud Security Engineer,Mercedes-Benz,4
S24942603,Noah Rhodes,Computer Science,Machine Learning Engineer,Amazon Web Services,5
S13356886,Angie Henderson,Computer Science,Software Engineer Intern,Adobe,3
S46913810,Daniel Wagner,Computer Science,Machine Learning Engineer,NCR Voyix,1
S42868828,Cristian Santos,Analytics,Data Scientist Intern,Mercedes-Benz,1
S39958838,Connie Lawrence,Computer Science,Cloud Engineer,Google Cloud,4
S28728463,Abigail Shaffer,Analytics,Business Analyst,Adobe,5
S23756669,Gina Moore,Computer Science,Cloud Engineer,Mercedes-Benz,4
S83197857,Gabrielle Davis,Computer Science,Full-Stack Developer,Amazon Web Services,2
S21668732,Ryan Munoz,Data Science,Data Scientist Intern,Google Cloud,1
S89254563,Monica Herrera,Computer Science,Software Engineer Intern,Mercedes-Benz,1
S66629388,Jamie Arnold,Analytics,Data Analyst,Mercedes-Benz,3
S14265799,Lisa Hensley,Data Science,Data Engineer,Mercedes-Benz,4
S13999315,Michele Williams,Business Administration,Product Manager Intern,Mercedes-Benz,2
S22575562,Dylan Miller,Data Science,Data Analyst,Mercedes-Benz,2
S39345092,Brian Ramirez,Cybersecurity,Cloud Security Engineer,Amazon Web Services,4
S41227216,Holly Wood,Data Science,Data Analyst,Adobe,1
S77827638,Derek Zuniga,Computer Science,Cloud Engineer,Delta Air Lines,5
S90801586,Lisa Jackson,Marketing,Product Marketing Intern,NCR Voyix,4
S13561597,Carla Gray,Analytics,Analytics Consultant,Adobe,5
S85329037,Margaret Hawkins DDS,Data Science,Data Engineer,NCR Voyix,2
S36687537,Patty Perez,Analytics,Data Analyst,Delta Air Lines,4
S97226012,Ethan Adams,Computer Science,Machine Learning Engineer,Google Cloud,4
S83140807,Tommy Walter,Data Science,Machine Learning Engineer,Mercedes-Benz,1
S66306997,Matthew Foster,Computer Science,Full-Stack Developer,Adobe,1
S39587039,Judy Baker,Electrical Engineering,Hardware Engineer,Cox Automotive,4
S70291817,Justin Baker,Computer Science,Backend Developer,Mercedes-Benz,2
S89089901,Stephanie Ross,Computer Science,Cloud Engineer,Adobe,4
S47338124,Zachary Hicks,Analytics,Analytics Consultant,Delta Air Lines,5
S10872248,Anthony Rodriguez,Data Science,Data Engineer,Google Cloud,4
S31429110,Rebecca Henderson,Electrical Engineering,Embedded Systems Engineer,Google Cloud,2
S66722344,James Ferrell,Analytics,Analytics Consultant,Deloitte,1
S55667651,Tricia Valencia,Data Science,Data Scientist Intern,Microsoft,1
S47295260,Nathan Maldonado,Data Science,Data Engineer,Georgia-Pacific,1
S30868105,Debra Davidson,Data Science,Data Scientist Intern,Adobe,3
S38898923,Jeffrey Chavez,Data Science,Machine Learning Engineer,Google Cloud,5
S55176955,Sherri Baker,Analytics,Data Analyst,Cox Automotive,1
S23718431,Cassandra Gaines,Analytics,BI Developer,Google Cloud,2
S22448136,Elizabeth Fowler,Data Science,Data Analyst,Cox Automotive,4
S60992979,Brittany Farmer,Analytics,BI Developer,Adobe,1
S22981052,Paula Moreno,Electrical Engineering,Hardware Engineer,Georgia-Pacific,5
S58181396,Fred Smith,Computer Science,Machine Learning Engineer,Home Depot,5
S56164955,Sherry Decker,Computer Science,Machine Learning Engineer,Google Cloud,4
S91030736,Anthony Humphrey,Cybersecurity,Security Analyst,Deloitte,4
S45503389,Angelica Tucker,Computer Science,Machine Learning Engineer,Google Cloud,5
S15831819,Philip Cannon,Computer Science,Cloud Engineer,Cox Automotive,4
S71662963,John Pierce,Computer Science,Full-Stack Developer,NCR Voyix,1
S81971316,Shane Henderson,Mechanical Engineering,Product Design Engineer,Mercedes-Benz,3
S26753883,Joshua Blair,Software Engineering,DevOps Engineer,Google Cloud,3
S60806024,Eric Carney,Computer Science,Backend Developer,Google Cloud,2
S20576383,Jessica Holmes,Analytics,Business Analyst,Adobe,4
S84093639,Danny Morgan,Computer Science,Cloud Engineer,Microsoft,1
S49349722,Crystal Robinson,Mechanical Engineering,Manufacturing Engineer,Microsoft,2
S94374605,Mark Perez,Computer Science,Full-Stack Developer,NCR Voyix,3
S93016315,Shannon Jones,Analytics,Analytics Consultant,Delta Air Lines,3
S58537831,Michael Lewis,Mechanical Engineering,Manufacturing Engineer,Salesforce,3
S87490893,Timothy Duncan,Information Systems,Product Analyst,Amazon Web Services,4
S35808537,Richard Aguirre,Statistics,Statistician,Microsoft,2
S19335534,Brent Jordan,Cybersecurity,Penetration Tester,Google Cloud,4
S16150444,John Daniel,Statistics,Data Scientist Intern,Adobe,4
S98753260,Victoria Garcia,Computer Science,Full-Stack Developer,Cox Automotive,3
S40587988,Gerald Hensley,Analytics,Analytics Consultant,Google Cloud,3
S48840994,Connor West,Computer Science,Backend Developer,Mercedes-Benz,5
S20709497,Donald Wright,Electrical Engineering,Automotive Software Engineer,Adobe,5
S41244663,Jessica Callahan,Computer Science,Software Engineer Intern,Google Cloud,4
S23556182,Amber Kidd,Mechanical Engineering,Manufacturing Engineer,Google Cloud,1
S61019678,Tracy House,Computer Science,Software Engineer Intern,Adobe,4
S47308985,Carol Tucker,Computer Science,Backend Developer,NCR Voyix,2
S70855700,James Brown,Data Science,Data Engineer,Google Cloud,5
S95320121,William Baker,Data Science,Machine Learning Engineer,NCR Voyix,1
S58966946,Jordan Henderson,Cybersecurity,Penetration Tester,Mercedes-Benz,3
S31831063,Whitney Peters,Computer Science,Cloud Engineer,Adobe,4
S59684848,Brittney Phillips,Statistics,Data Analyst,Cox Automotive,3
S57683626,Lauren Daniels,Analytics,Analytics Consultant,Cox Automotive,3
S38119557,Amy Silva,Computer Science,Software Engineer Intern,Home Depot,4
S99949389,Sarah Moore,Computer Science,Backend Developer,Google Cloud,5
S45833156,Angela Lopez,Business Administration,Product Manager Intern,Amazon Web Services,2
S96977837,Megan Young,Business Administration,Technical Program Manager,Adobe,5
S19583482,Steve Sanchez,Computer Science,Backend Developer,Amazon Web Services,2
S91756179,Lisa Barnes,Data Science,Machine Learning Engineer,Amazon Web Services,5
S95225343,Kelly Donovan,Computer Science,Backend Developer,Deloitte,5
S32969840,Mike Allen,Computer Science,Backend Developer,Cox Automotive,1
S81691040,Michael Evans,Computer Science,Cloud Engineer,Amazon Web Services,2
S42857966,Paul Jones,Analytics,Business Analyst,Cox Automotive,1
S31931511,Zachary Ferrell,Computer Science,Machine Learning Engineer,Google Cloud,1
S72043515,Daniel Baker,Data Science,Data Engineer,Mercedes-Benz,1
S60929647,Shirley Suarez,Data Science,Machine Learning Engineer,Home Depot,1
S46231783,Christopher Bass,Information Systems,Product Analyst,Mercedes-Benz,1
S95899313,Lisa Archer,Computer Science,Machine Learning Engineer,Delta Air Lines,4
S84752529,Aimee Montoya,Analytics,BI Developer,Google Cloud,4
S39476249,Matthew Mcmillan,Computer Science,Software Engineer Intern,Adobe,2
S53524491,Brian Rodriguez,Computer Science,Cloud Engineer,Google Cloud,5
S17507864,Denise Jacobs,Analytics,Analytics Consultant,Mercedes-Benz,5
S40742311,Christina Walters,Analytics,BI Developer,Mercedes-Benz,4
S14308421,John Whitehead,Computer Science,Software Engineer Intern,Delta Air Lines,5
S52339391,Anna Henderson,Information Systems,Systems Analyst,Mercedes-Benz,2
S63843426,Aaron Wise,Data Science,AI Research Intern,Mercedes-Benz,1
S45935572,Deborah Figueroa,Data Science,Data Engineer,Google Cloud,3
S18883684,Jessica Smith,Statistics,Data Scientist Intern,Home Depot,1
S38317637,Stephen Mckee,Computer Science,Software Engineer Intern,Cox Automotive,1
S86125617,Sandra Aguilar,Information Systems,Product Analyst,Amazon Web Services,5
S52235350,Cameron Parker,Computer Science,Full-Stack Developer,Google Cloud,1
S38538251,Rebecca Valencia,Data Science,AI Research Intern,NCR Voyix,1
S97971488,Christine Wright,Statistics,Data Scientist Intern,Adobe,1
S77005685,Richard Henson,Analytics,Data Analyst,Cox Automotive,4
S63100814,Marc Moore,Computer Science,Software Engineer Intern,Adobe,5
S96282117,Sharon Cherry,Data Science,Data Engineer,Google Cloud,4
S71586053,Sierra Johnson,Cybersecurity,Penetration Tester,Google Cloud,5
S29175900,Evelyn Galvan,Computer Science,Cloud Engineer,Cox Automotive,3
S45551614,Sharon Cochran,Information Systems,Product Analyst,Home Depot,3
S28740864,Richard Rodriguez,Computer Science,Backend Developer,Google Cloud,4
S43101783,Shannon Walker,Computer Science,Software Engineer Intern,Cox Automotive,5
S85345555,Julia Torres,Computer Science,Machine Learning Engineer,Mercedes-Benz,2
S82340307,Crystal Johnson,Data Science,Data Engineer,Amazon Web Services,5
S45264581,Garrett Lin,Analytics,Business Analyst,Cox Automotive,5
S88461803,Diana May,Computer Science,Software Engineer Intern,Adobe,4
S67503414,William Herrera,Data Science,AI Research Intern,Mercedes-Benz,2
S88320463,Ashley Waller,Information Systems,IT Analyst,Adobe,1
S63606628,Victor Baker,Computer Science,Full-Stack Developer,Mercedes-Benz,3
S58586340,Jeffrey Chandler,Computer Science,Machine Learning Engineer,Deloitte,1
S39436733,Larry Dixon,Computer Science,Cloud Engineer,Home Depot,2
S28566572,Kenneth Scott,Information Systems,Product Analyst,Adobe,1
S78387461,April Frost,Data Science,AI Research Intern,Cox Automotive,4
S76238574,Michelle Harmon,Analytics,Data Analyst,Mercedes-Benz,3
S22201654,Helen Jones,Computer Science,Software Engineer Intern,Mercedes-Benz,4
S16323852,Erin Edwards,Mechanical Engineering,Manufacturing Engineer,Google Cloud,5
S24716857,Michelle Evans,Data Science,AI Research Intern,Adobe,4
S30514014,Jason Powell,Computer Science,Cloud Engineer,Cox Automotive,5
S94214382,Cameron Fisher,Data Science,Data Engineer,Cox Automotive,1
S31472420,Megan Orr,Computer Science,Full-Stack Developer,Mercedes-Benz,1
S66661351,Elizabeth Kelley,Data Science,Data Engineer,Microsoft,2
S90048665,Dustin Jordan,Data Science,Machine Learning Engineer,Cox Automotive,1
S18526544,Mary Marshall,Analytics,Data Analyst,Georgia-Pacific,3
S61642594,Daniel Kennedy,Data Science,Machine Learning Engineer,Adobe,2
S61220073,Rebecca Jackson,Computer Science,Backend Developer,Google Cloud,1
S89978790,Jose Schultz,Computer Science,Machine Learning Engineer,Mercedes-Benz,5
S72820592,Robert Potter,Information Systems,Cloud Engineer,Google Cloud,5
S81016525,Courtney Gonzalez,Analytics,Data Scientist Intern,Adobe,3
S43744231,David Alvarez,Computer Science,Software Engineer Intern,Mercedes-Benz,3
S84252722,Angel Perry,Software Engineering,Software Engineer Intern,Adobe,1
S11540956,Cheyenne Horton,Data Science,AI Research Intern,Cox Automotive,3
S25374874,David Douglas Jr.,Cybersecurity,Security Analyst,Google Cloud,1
S82070937,Patricia Rodriguez,Analytics,Data Scientist Intern,Mercedes-Benz,5
S45812670,Christopher Rubio,Analytics,Business Analyst,Mercedes-Benz,5
S96028436,Amber Wright,Analytics,Analytics Consultant,Google Cloud,5
S55657579,Joyce Solis,Computer Science,Software Engineer Intern,Mercedes-Benz,3
S24972279,Victoria Larson,Business Administration,Product Manager Intern,Mercedes-Benz,2
S49392920,Stephanie Salazar,Computer Science,Machine Learning Engineer,Deloitte,5
S68353204,Kathy Rivas,Analytics,Data Analyst,Adobe,3
S31227574,Stephanie Manning,Data Science,Data Engineer,Google Cloud,1
S70897765,David Wright,Software Engineering,Backend Developer,Cox Automotive,1
S10435578,Pamela Boyd,Analytics,BI Developer,Adobe,5
S45351479,Denise Jones,Electrical Engineering,Hardware Engineer,Cox Automotive,2
S77187530,Devon Flores,Mechanical Engineering,Manufacturing Engineer,Salesforce,4
S33978249,Brenda Hall,Computer Science,Software Engineer Intern,Adobe,4
S78139880,Michelle Brown,Analytics,Analytics Consultant,Amazon Web Services,5
S24282218,Joshua Perry,Computer Science,Machine Learning Engineer,Mercedes-Benz,1
S93926371,Jason Stein,Data Science,Machine Learning Engineer,Salesforce,3
S50056581,Melissa Gates,Mathematics,Data Scientist Intern,Cox Automotive,2
S95758349,Jamie Smith,Computer Science,Cloud Engineer,Delta Air Lines,1
S78137358,Paul Castaneda,Data Science,Data Analyst,Delta Air Lines,5
S91734598,Jennifer Adkins,Computer Science,Cloud Engineer,NCR Voyix,5
S36697396,Lindsey Walker,Computer Science,Machine Learning Engineer,Cox Automotive,2
S30513739,Jeffrey Johnson,Cybersecurity,Penetration Tester,Amazon Web Services,2
S60185867,Michael Powell,Information Systems,IT Analyst,Mercedes-Benz,2
S31682744,John Anderson,Statistics,Data Scientist Intern,Adobe,4
S82394227,Alyssa Long,Computer Science,Backend Developer,Adobe,4
S81182864,Alyssa Day,Mechanical Engineering,Automotive Engineer,Adobe,5
S10076758,Joel Williams,Business Administration,Business Analyst,Microsoft,4
S90388981,Daniel Murphy,Data Science,AI Research Intern,Salesforce,2
S53507489,Jamie Walton,Software Engineering,DevOps Engineer,NCR Voyix,1
S75579548,Darlene Miller,Analytics,Analytics Consultant,Google Cloud,1
S12614124,Joshua Cooke,Information Systems,IT Analyst,Adobe,2
S25014631,Matthew Harrington,Computer Science,Full-Stack Developer,Cox Automotive,4
S58718453,Nicole Herring,Computer Science,Backend Developer,Amazon Web Services,3
S51273847,Alex Hernandez,Mathematics,Data Scientist Intern,Cox Automotive,5
S42138745,Michael Elliott,Data Science,AI Research Intern,Deloitte,3
S17774584,Michael Wang,Computer Science,Cloud Engineer,Home Depot,3
S42329237,Lawrence Adkins,Software Engineering,DevOps Engineer,Cox Automotive,4
S86149359,Robert Oconnell,Analytics,Data Analyst,Microsoft,4
S20570592,Alexander Collins,Data Science,Data Scientist Intern,Georgia-Pacific,1
S21496211,Tina Sanders,Computer Science,Backend Developer,Google Cloud,5
S75228535,Angela Vaughn,Analytics,Business Analyst,Amazon Web Services,2
S19289546,Ashley Barton,Data Science,Data Scientist Intern,Adobe,5
S81498611,Lindsay Martinez,Data Science,Data Scientist Intern,Delta Air Lines,4
S26879290,Dr. Hannah Patterson,Analytics,Business Analyst,Google Cloud,5
S27232410,Jonathan Peterson,Computer Science,Backend Developer,Adobe,1
S98550256,Samantha Garcia,Analytics,Data Analyst,Google Cloud,2
S73791320,Madison Poole,Analytics,Business Analyst,Google Cloud,3
S83793389,Jessica Gross,Computer Science,Full-Stack Developer,Google Cloud,5
S32162965,Debra Morton,Analytics,BI Developer,NCR Voyix,1
S45575298,Karen Graham,Analytics,Analytics Consultant,Adobe,1
S80823176,Debra Christian,Data Science,Data Scientist Intern,Adobe,1
S91415657,Angelica Keith,Software Engineering,Backend Developer,Cox Automotive,3
S66792612,John Bishop,Analytics,Data Analyst,Delta Air Lines,4
S38427073,Allen Rosales,Business Administration,Business Analyst,Google Cloud,2
S82383095,Daniel Salinas,Computer Science,Machine Learning Engineer,Cox Automotive,2
S36998038,Spencer Haynes,Computer Science,Backend Developer,NCR Voyix,3
S51837852,Adam Vaughan,Mathematics,Data Analyst,Mercedes-Benz,5
S63551839,Nathan Freeman,Data Science,Data Scientist Intern,Microsoft,2
S97225156,Melissa Brewer,Computer Science,Software Engineer Intern,NCR Voyix,3
S60119651,Ricky Davis II,Computer Science,Cloud Engineer,Mercedes-Benz,4
S68800797,Elizabeth Perkins,Information Systems,Cloud Engineer,Adobe,2
S79467853,Joseph Coleman,Data Science,AI Research Intern,Adobe,5
S70597444,Erin Warner,Computer Science,Software Engineer Intern,Microsoft,1
S26240908,David Martinez,Data Science,Machine Learning Engineer,Google Cloud,3
S43273328,Bryan Herrera,Computer Science,Cloud Engineer,Google Cloud,3
S40158366,Cathy Robinson,Data Science,AI Research Intern,Cox Automotive,4
S18593410,Dr. William Warren,Data Science,Data Scientist Intern,Microsoft,3
S55377076,Brian Lee,Analytics,BI Developer,Adobe,1
S12823170,Christopher Smith,Computer Science,Machine Learning Engineer,Adobe,2
S88961459,Denise Mccann,Statistics,Statistician,Delta Air Lines,4
S84346088,Melissa Martinez,Computer Science,Software Engineer Intern,Adobe,3
S40885476,Katherine Salas,Data Science,Data Analyst,Cox Automotive,2
S88979095,Julie Alexander,Analytics,Analytics Consultant,Mercedes-Benz,1
S39557077,Anthony Everett,Analytics,Data Scientist Intern,Adobe,3
S10965138,Rodney Morales,Analytics,Data Analyst,Salesforce,1
S19528530,Mark Brown,Information Systems,Cloud Engineer,Mercedes-Benz,5
S94705205,Justin Torres,Computer Science,Cloud Engineer,Google Cloud,2
S17901903,Bailey Duran DDS,Marketing,Product Marketing Intern,Google Cloud,4
S40728046,Courtney Mills,Computer Science,Backend Developer,Delta Air Lines,4
S19046318,Jeremy Dalton,Computer Science,Machine Learning Engineer,Deloitte,3
S14216175,Elizabeth Oliver DDS,Analytics,Business Analyst,Google Cloud,3
S54349361,Theresa Clark,Electrical Engineering,Embedded Systems Engineer,Google Cloud,2
S19510312,Matthew Moore,Software Engineering,DevOps Engineer,Cox Automotive,2
S79008866,Benjamin Smith,Software Engineering,DevOps Engineer,Amazon Web Services,1
S41944441,Kirk Carter,Data Science,Data Analyst,Adobe,5
S47376585,Michael Warner,Computer Science,Software Engineer Intern,Cox Automotive,4
S99788677,Michael Bradshaw,Marketing,Product Marketing Intern,Google Cloud,4
S75151231,Lori Guerrero,Software Engineering,Software Engineer Intern,Cox Automotive,3
S38754377,Jessica Stephens,Analytics,BI Developer,Mercedes-Benz,5
S82374753,Susan Serrano,Data Science,Data Analyst,Google Cloud,2
S27758595,Christopher Parker,Information Systems,Systems Analyst,Mercedes-Benz,1
S86644106,Laura Roberts,Cybersecurity,Penetration Tester,Cox Automotive,2
S87337818,Michael Lyons,Computer Science,Backend Developer,Adobe,5
S73440831,Kathryn Snyder,Electrical Engineering,Embedded Systems Engineer,Adobe,5
S42614537,Andrew Reynolds,Computer Science,Cloud Engineer,Google Cloud,1
S73481353,David Davis,Data Science,Machine Learning Engineer,Google Cloud,5
S64634663,Sara Johnston,Computer Science,Full-Stack Developer,Microsoft,5
S35556386,Yvonne Chambers,Data Science,Data Analyst,Cox Automotive,1
S22660194,Andrew Avila,Computer Science,Full-Stack Developer,Adobe,2
S23009833,Matthew Moon,Information Systems,Cloud Engineer,Google Cloud,1
S98447167,Kevin Walters,Data Science,Data Analyst,Adobe,3
S67854710,Brandon Bailey MD,Data Science,AI Research Intern,Adobe,1
S57553014,Shannon Rivera,Analytics,Data Analyst,Mercedes-Benz,4
S66851760,Donna Landry,Data Science,Data Engineer,Google Cloud,3
S65177213,Krista Gibson,Cybersecurity,Cloud Security Engineer,Microsoft,3
S72682989,Frank Cordova,Business Administration,Product Manager Intern,Microsoft,5
S17270733,Jose Travis,Analytics,Analytics Consultant,Adobe,1
S97705310,Kimberly Gutierrez,Computer Science,Backend Developer,Cox Automotive,1
S96728778,Isaiah Avila,Computer Science,Machine Learning Engineer,NCR Voyix,4
S23209423,Olivia Harris,Computer Science,Backend Developer,Amazon Web Services,5
S18135295,Tanya Kim,Information Systems,Systems Analyst,Microsoft,4
S64038913,Barbara Dudley,Marketing,Product Marketing Intern,Mercedes-Benz,3
S55540424,Cynthia Moore,Data Science,Data Scientist Intern,Home Depot,5
S24665841,Kristen Davis,Data Science,Machine Learning Engineer,Adobe,3
S43374088,Susan Murray MD,Computer Science,Cloud Engineer,Mercedes-Benz,4
S35714784,Kathleen Moran,Computer Science,Software Engineer Intern,Delta Air Lines,4
S35529407,Denise Davenport,Computer Science,Cloud Engineer,Microsoft,4
S81979055,Mrs. Kristen Reyes,Data Science,AI Research Intern,Cox Automotive,5
S70211891,Katie Suarez,Computer Science,Full-Stack Developer,Adobe,4
S28814949,Desiree Tyler,Data Science,Data Analyst,Adobe,5
S66623995,Timothy Romero,Analytics,Business Analyst,Cox Automotive,1
S34627347,Diane Evans,Data Science,Data Engineer,Google Cloud,3
S47385696,Yvonne Burns,Information Systems,Systems Analyst,Google Cloud,4
S72092888,Joshua Reed,Data Science,Data Scientist Intern,Cox Automotive,3
S43528453,Kimberly Gibson,Software Engineering,QA Automation Engineer,Cox Automotive,5
S20117988,Colin Terry,Computer Science,Full-Stack Developer,Adobe,4
S69476001,Cynthia Rowe,Marketing,Product Marketing Intern,Google Cloud,5
S83863413,Patrick Thornton,Software Engineering,QA Automation Engineer,Google Cloud,3
S23141087,Jasmin Alvarado,Data Science,Data Scientist Intern,Adobe,1
S16789850,Veronica Simpson,Business Administration,Technical Program Manager,Adobe,1
S97529405,Jonathan Lawrence,Analytics,Analytics Consultant,Salesforce,5
S82556484,Shelly Alexander,Analytics,Business Analyst,Google Cloud,2
S11980765,Joyce Bowen,Analytics,Data Scientist Intern,Amazon Web Services,4
S22517517,Matthew Moore,Computer Science,Backend Developer,Cox Automotive,1
S41726318,Wayne Morgan,Computer Science,Machine Learning Engineer,Adobe,2
S32321899,Marie Christian,Data Science,Machine Learning Engineer,Mercedes-Benz,5
S64547971,Shannon James,Mechanical Engineering,Product Design Engineer,Microsoft,2
S75181648,Nathan Malone,Data Science,Data Analyst,Adobe,4
S74606833,Amanda Jones,Analytics,Analytics Consultant,Salesforce,4
S38688676,Tammie Bright,Mechanical Engineering,Manufacturing Engineer,Google Cloud,3
S63826716,Jessica Garcia,Analytics,Data Analyst,Salesforce,3
S17869910,Shelia Wallace,Analytics,Data Analyst,Home Depot,3
S32097220,Stephanie Williams,Software Engineering,DevOps Engineer,Google Cloud,4
S60864911,Elaine Brooks,Data Science,Data Engineer,Google Cloud,3
S10289289,Joseph Knight,Computer Science,Full-Stack Developer,Google Cloud,4
S62401521,Carolyn Miller,Electrical Engineering,Hardware Engineer,Amazon Web Services,2
S45594951,Lisa Allen,Computer Science,Cloud Engineer,Salesforce,1
S71070189,Briana Murray,Data Science,AI Research Intern,Google Cloud,4
S48285503,David Smith,Computer Science,Full-Stack Developer,Adobe,5
S66775103,Stephanie Byrd,Analytics,Data Analyst,Cox Automotive,5
S84593961,Jeremy Reed,Computer Science,Software Engineer Intern,Google Cloud,5
S98834863,Margaret Coleman,Computer Science,Backend Developer,Cox Automotive,4
S75319931,Ryan Gonzalez,Data Science,AI Research Intern,Cox Automotive,2
S30776478,John Young,Computer Science,Full-Stack Developer,Salesforce,2
S35487660,Laura Haney,Data Science,AI Research Intern,Mercedes-Benz,2
S49823450,William Barrett,Information Systems,Product Analyst,Adobe,1
S39219319,Keith Jennings,Mechanical Engineering,Automotive Engineer,Google Cloud,2
S17849494,Amber Obrien,Analytics,Business Analyst,Georgia-Pacific,2
S87736262,Tanner Mitchell DDS,Data Science,Machine Learning Engineer,Home Depot,1
S82772208,Heather Fields,Marketing,Product Marketing Intern,Amazon Web Services,2
S18181586,Megan Le,Mathematics,Data Scientist Intern,NCR Voyix,1
S52091325,Sara Fuller,Computer Science,Full-Stack Developer,Cox Automotive,3
S17672593,Maria Parker,Computer Science,Full-Stack Developer,Google Cloud,2
S16729990,Kevin Oconnor,Cybersecurity,Cloud Security Engineer,Adobe,1
S88406989,Edward Burgess,Data Science,AI Research Intern,Google Cloud,2
S73993471,Carlos Ryan,Computer Science,Cloud Engineer,Amazon Web Services,5
S77491435,Kiara Mcintyre,Analytics,Data Analyst,Cox Automotive,4
S81286543,Dawn Summers,Software Engineering,Backend Developer,Cox Automotive,1
S31130263,Dr. Paul Morgan,Computer Science,Backend Developer,Mercedes-Benz,2
S17634247,Victor Taylor,Computer Science,Machine Learning Engineer,Adobe,3
S78159587,Shannon Ramsey,Statistics,Data Analyst,Google Cloud,5
S20752378,Tracy Ballard,Computer Science,Cloud Engineer,Google Cloud,1
S34941004,Richard Smith,Analytics,BI Developer,Adobe,4
S19196777,Jordan Chambers,Analytics,Analytics Consultant,Google Cloud,3
S89864260,Lauren Carson,Data Science,Machine Learning Engineer,Adobe,2
S19121552,Ashley Hall,Data Science,AI Research Intern,Microsoft,5
S41568532,Stephen Hoffman,Data Science,Data Analyst,Georgia-Pacific,5
S64193837,Connie Brown,Software Engineering,DevOps Engineer,Microsoft,5
S26090908,Susan Turner,Electrical Engineering,Embedded Systems Engineer,Google Cloud,5
S86460539,Charles Shah,Information Systems,IT Analyst,Georgia-Pacific,1
S43046464,Johnathan Davis,Computer Science,Full-Stack Developer,Georgia-Pacific,2
S87701200,Brandy Chavez,Analytics,Data Analyst,Cox Automotive,5
S89795010,Natalie Bautista,Data Science,Machine Learning Engineer,Google Cloud,4
S15334035,Patrick Moore,Computer Science,Full-Stack Developer,Mercedes-Benz,1
S93131979,Brett Burns,Data Science,Data Analyst,Mercedes-Benz,5
S21003626,Trevor Johnson,Computer Science,Machine Learning Engineer,Google Cloud,3
S66267415,Jeremy Sampson,Information Systems,Cloud Engineer,Adobe,1
S98231132,Ariana Jennings,Information Systems,IT Analyst,Cox Automotive,3
S88339168,Vanessa Howard,Information Systems,IT Analyst,Home Depot,1
S85863473,Colton Martinez,Business Administration,Business Analyst,Cox Automotive,4
S80166708,Jordan Bates,Computer Science,Backend Developer,Microsoft,4
S52462441,Linda Smith,Data Science,AI Research Intern,Mercedes-Benz,4
S44999379,Dana Martinez,Data Science,Data Analyst,Cox Automotive,3
S37415205,Andrea Hubbard,Computer Science,Full-Stack Developer,Mercedes-Benz,2
S99889098,Daniel Kane,Information Systems,Systems Analyst,Delta Air Lines,1
S52169044,Charles Lester,Business Administration,Business Analyst,Google Cloud,5
S42035886,Scott Thomas,Data Science,AI Research Intern,Delta Air Lines,2
S45650176,David Thompson,Data Science,Machine Learning Engineer,Adobe,1
S63121477,Allison Smith,Computer Science,Machine Learning Engineer,Google Cloud,1
S27566185,Cynthia Morris,Computer Science,Software Engineer Intern,Cox Automotive,1
S96637649,Anthony Harmon,Data Science,Data Scientist Intern,Adobe,1
S50264926,Nichole Alvarez,Data Science,Machine Learning Engineer,Google Cloud,1
S71367643,Kayla Rodriguez,Computer Science,Cloud Engineer,Adobe,5
S52436584,Theresa Williams,Data Science,Data Analyst,Amazon Web Services,3
S19736572,Sharon Boyd,Computer Science,Backend Developer,Deloitte,5
S11250299,Victor Brown,Computer Science,Cloud Engineer,Adobe,5
S71510041,James Parks,Mathematics,Data Analyst,Georgia-Pacific,4
S93370583,Theodore Jones Jr.,Analytics,Business Analyst,Salesforce,4
S85563727,Ana Hill,Software Engineering,Backend Developer,Google Cloud,4
S23419256,Kimberly Nguyen,Computer Science,Machine Learning Engineer,Cox Automotive,5
S19832887,Kerry Chavez DDS,Data Science,Machine Learning Engineer,Adobe,2
S82160068,Michael Farrell,Software Engineering,Software Engineer Intern,Google Cloud,4
S38609087,Patricia Le,Analytics,Data Analyst,Mercedes-Benz,3
S77898694,Jesse Perez,Computer Science,Software Engineer Intern,Home Depot,3
S45594597,Jesse Perry,Computer Science,Backend Developer,Cox Automotive,4
S27778019,Jeffery Ortega,Analytics,Data Scientist Intern,Cox Automotive,1
S56843172,Christian Leblanc,Computer Science,Full-Stack Developer,Microsoft,5
S19233013,Ronald Davis,Computer Science,Backend Developer,NCR Voyix,3
S42787299,Parker Cain,Data Science,Data Scientist Intern,Adobe,2
S59597086,Laurie Hoffman,Statistics,Statistician,Microsoft,4
S48250360,Bryan Gomez,Mechanical Engineering,Product Design Engineer,Google Cloud,2
S31172421,Nicole Parrish,Data Science,Machine Learning Engineer,Google Cloud,3
S68812137,Tracy Burke,Data Science,Data Analyst,Google Cloud,3
S82909480,Kenneth Lewis,Computer Science,Full-Stack Developer,NCR Voyix,4
S50603163,Courtney Rodriguez,Computer Science,Machine Learning Engineer,Microsoft,3
S92097999,Holly Farmer,Mechanical Engineering,Manufacturing Engineer,Adobe,1
S97775215,Renee Bruce,Analytics,Data Analyst,Microsoft,1
S80993218,Sabrina Austin,Computer Science,Full-Stack Developer,Google Cloud,4
S11049999,Allison Hickman,Computer Science,Backend Developer,Adobe,4
S99639081,Debra White,Analytics,Data Analyst,Mercedes-Benz,3
S84437458,Ellen Morgan,Computer Science,Machine Learning Engineer,Salesforce,4
S50181935,Sergio Knight,Data Science,Data Engineer,Cox Automotive,5
S99038526,Charles Schultz,Data Science,Data Analyst,Deloitte,1
S23903144,Paul Lewis,Analytics,Business Analyst,Home Depot,1
S28024248,Glen Wood,Information Systems,Cloud Engineer,Cox Automotive,2
S45496015,Paula Bradley,Computer Science,Backend Developer,Cox Automotive,5
S25492573,Anthony Moore,Data Science,Data Scientist Intern,Google Cloud,5
S24366125,Megan Nelson,Mechanical Engineering,Product Design Engineer,Mercedes-Benz,1
S84252420,Karla Ramos,Analytics,BI Developer,Cox Automotive,5
S30863865,Paul Wilson,Information Systems,Product Analyst,Cox Automotive,4
S46553958,Douglas Gregory,Software Engineering,DevOps Engineer,Cox Automotive,1
S47816686,Mr. Andrew Foster,Analytics,Data Analyst,Cox Automotive,5
S91178885,Aimee Turner,Computer Science,Cloud Engineer,Adobe,4
S38270233,Chad Scott,Computer Science,Machine Learning Engineer,Mercedes-Benz,2
S56020613,Adam Burgess,Marketing,Digital Marketing Analyst,Adobe,1
S37326368,James Padilla,Analytics,Business Analyst,Cox Automotive,4
S95125977,Sandra Drake,Data Science,AI Research Intern,Cox Automotive,1
S45431319,Scott Williams,Information Systems,IT Analyst,Mercedes-Benz,4
S77834855,Thomas Atkins,Analytics,Analytics Consultant,Google Cloud,1
S75569635,Laura Mckinney,Electrical Engineering,Embedded Systems Engineer,Adobe,5
S43704923,Brian Smith,Data Science,Data Scientist Intern,Home Depot,3
S16818112,Robert Montgomery,Electrical Engineering,Automotive Software Engineer,Google Cloud,2
S22388090,Tamara Davis,Mechanical Engineering,Manufacturing Engineer,Cox Automotive,2
S95132217,Dana Chapman,Analytics,BI Developer,Home Depot,3
S66851377,Jennifer Collins,Computer Science,Backend Developer,Google Cloud,4
S47135391,Gary Jackson,Analytics,Data Scientist Intern,Adobe,2
S15917225,Ashley Hicks,Software Engineering,Software Engineer Intern,Mercedes-Benz,3
S10475894,Hannah Luna,Computer Science,Machine Learning Engineer,Adobe,1
S54769200,Robin Young,Data Science,Data Analyst,Salesforce,4
S27558317,Craig Morrison,Statistics,Data Analyst,Cox Automotive,3
S95511909,Mary Thompson,Software Engineering,QA Automation Engineer,Mercedes-Benz,3
S45159040,Kathleen Webster,Analytics,BI Developer,Mercedes-Benz,5
S31687165,Joann Glass,Analytics,Business Analyst,Amazon Web Services,3
S69302158,Madison Weber,Software Engineering,Software Engineer Intern,Cox Automotive,2
S84045292,Lori Hernandez,Data Science,Machine Learning Engineer,Microsoft,3
S67403166,Jeremy Turner,Data Science,Data Scientist Intern,Cox Automotive,3
S85283645,Anthony Romero,Data Science,Data Engineer,Cox Automotive,1
S11297845,Jesse Brown,Computer Science,Machine Learning Engineer,Google Cloud,5
S25015458,Angela Lin,Data Science,Data Scientist Intern,Cox Automotive,5
S20099059,Lisa Hunter,Computer Science,Full-Stack Developer,Amazon Web Services,4
S30005727,Julian Conner,Computer Science,Machine Learning Engineer,Mercedes-Benz,1
S83227889,Joanna Pacheco,Information Systems,Systems Analyst,Google Cloud,2
S14835614,Erica Alvarez,Analytics,Data Analyst,Cox Automotive,3
S59555330,Antonio Garcia,Computer Science,Backend Developer,Cox Automotive,4
S88183110,Gwendolyn Klein,Computer Science,Cloud Engineer,Mercedes-Benz,1
S84158663,Carrie Wright,Data Science,Machine Learning Engineer,Microsoft,4
S29876811,Jeffrey Mills,Analytics,Data Analyst,Mercedes-Benz,2
S67684996,Jake Campbell,Data Science,AI Research Intern,Adobe,5
S27105448,George Harper,Data Science,Data Engineer,Mercedes-Benz,4
S15614174,Maria Jones,Software Engineering,DevOps Engineer,Adobe,5
S51373735,Michael Mitchell,Mathematics,Quantitative Analyst,Mercedes-Benz,2
S58942697,Mary Escobar,Statistics,Data Analyst,Adobe,4
S15354599,Felicia Aguilar,Statistics,Statistician,Adobe,3
S58024342,Gregory Ponce,Software Engineering,QA Automation Engineer,Adobe,5
S38195995,Jenna Larson,Computer Science,Full-Stack Developer,Cox Automotive,5
S43491314,Emily Bennett,Computer Science,Machine Learning Engineer,Home Depot,2
S99514287,Robin Santiago,Data Science,Data Engineer,Delta Air Lines,1
S23796726,Nancy Jennings,Software Engineering,QA Automation Engineer,Google Cloud,2
S57469942,Maria Henderson,Analytics,Data Analyst,Adobe,2
S85146293,Jack White,Information Systems,Cloud Engineer,Cox Automotive,5
S64543049,Travis Tucker,Data Science,AI Research Intern,Google Cloud,4
S93303777,Chad Jones,Analytics,Analytics Consultant,Google Cloud,5
S30743797,Ashley Wise,Analytics,Business Analyst,Cox Automotive,2
S41774346,Sophia Johnson,Analytics,Analytics Consultant,Cox Automotive,5
S31810617,Ralph Anderson,Computer Science,Machine Learning Engineer,Salesforce,3
S33763566,Christopher Guerra,Statistics,Data Analyst,Cox Automotive,1
S65337219,Rhonda Martin,Computer Science,Full-Stack Developer,Microsoft,5
S13326769,Jason Rhodes,Analytics,Data Scientist Intern,Adobe,3
S34073380,Jeremy Mitchell,Data Science,Data Analyst,Google Cloud,2
S54585178,Joann Ferguson,Data Science,Data Scientist Intern,Mercedes-Benz,3
S65259205,Robert Harrison,Data Science,Data Scientist Intern,Cox Automotive,2
S99913412,Holly Valentine,Data Science,Data Engineer,Mercedes-Benz,2
S43308443,Mrs. Diane Reyes,Analytics,Analytics Consultant,Mercedes-Benz,4
S45810056,Tracy Montoya,Information Systems,Cloud Engineer,Adobe,3
S31367172,Brenda Wright,Computer Science,Software Engineer Intern,Cox Automotive,3
S24508349,Shelly Spencer,Analytics,Data Analyst,Home Depot,2
S61343880,Ryan Rosales,Data Science,Data Analyst,Cox Automotive,5
S15197528,Phillip Nelson,Data Science,AI Research Intern,Adobe,4
S73174945,Brittany Kim,Analytics,Data Analyst,Google Cloud,4
S39854548,Courtney Hayes,Data Science,Data Analyst,NCR Voyix,4
S36786211,Alexander Brown,Analytics,BI Developer,Cox Automotive,2
S71780854,Cynthia Vang,Computer Science,Software Engineer Intern,Google Cloud,5
S56930359,Alfred Galvan,Computer Science,Cloud Engineer,Cox Automotive,1
S50962024,Marie Moody,Computer Science,Machine Learning Engineer,Google Cloud,3
S40547349,Dustin Gallegos,Analytics,Data Scientist Intern,Mercedes-Benz,1
S39920292,Brenda Thornton,Data Science,AI Research Intern,Google Cloud,3
S13176186,Aaron Miller,Mechanical Engineering,Product Design Engineer,Cox Automotive,2
S98588154,Ruben Dunn,Data Science,Machine Learning Engineer,Adobe,2
S35921441,Kelsey Rodriguez,Data Science,Machine Learning Engineer,Mercedes-Benz,4
S63481198,Eric Williams,Analytics,Data Scientist Intern,Mercedes-Benz,2
S54058573,Riley Bryant,Data Science,Data Analyst,Google Cloud,2
S47393469,Taylor Carlson,Analytics,BI Developer,Adobe,2
S19317495,Jose Allen,Data Science,AI Research Intern,Google Cloud,3
S47463522,Jeffrey Mendez,Statistics,Data Analyst,Cox Automotive,4
S57130035,Jason Beck,Statistics,Data Scientist Intern,Google Cloud,4
S96098221,William Jones,Analytics,BI Developer,Google Cloud,4
S78371272,Katie Mcneil,Data Science,Data Scientist Intern,Google Cloud,2
S63643924,Jeanette Harrison,Computer Science,Cloud Engineer,Adobe,3
S81969657,Veronica King,Computer Science,Machine Learning Engineer,Google Cloud,4
S54446182,Richard Cooper,Analytics,Business Analyst,Google Cloud,3
S13704481,Lori Ingram,Software Engineering,Backend Developer,Google Cloud,1
S25480907,Evelyn Williams,Information Systems,Cloud Engineer,Google Cloud,4
S45059710,Robin Thompson,Computer Science,Backend Developer,Adobe,1
S33966966,Julie Dominguez,Data Science,Data Engineer,NCR Voyix,1
S87925434,Robin Brown,Data Science,Data Scientist Intern,Amazon Web Services,2
S45630292,Judith Carter,Computer Science,Full-Stack Developer,Google Cloud,5
S15134794,Curtis Williams,Analytics,Data Analyst,Google Cloud,2
S24549543,Kaylee Hays,Software Engineering,Software Engineer Intern,Google Cloud,5
S90070438,Dawn Mullins,Computer Science,Full-Stack Developer,Cox Automotive,3
S68326160,Howard Norman,Computer Science,Cloud Engineer,Salesforce,5
S56397338,Evelyn Martinez,Business Administration,Technical Program Manager,Amazon Web Services,2
S52101056,Steve Paul,Statistics,Data Analyst,Georgia-Pacific,3
S68571795,Jasmine Beltran,Cybersecurity,Security Analyst,Google Cloud,2
S91363974,Jonathan Glass MD,Computer Science,Cloud Engineer,Delta Air Lines,4
S78642041,Monica Miller,Data Science,Data Analyst,Google Cloud,4
S25521714,Samantha Gardner,Data Science,Data Scientist Intern,Google Cloud,1
S61700055,Bobby Guerrero,Data Science,Data Engineer,Google Cloud,3
S87388337,Lance Simmons,Data Science,AI Research Intern,Adobe,1
S35511941,Heather Williams,Cybersecurity,Penetration Tester,Cox Automotive,4
S44188276,Heather Bolton,Analytics,Analytics Consultant,Delta Air Lines,5
S15957459,William Gould,Data Science,AI Research Intern,Delta Air Lines,4
S68526649,Mark Cox,Computer Science,Cloud Engineer,Adobe,5
S10226999,Meghan Cisneros,Computer Science,Machine Learning Engineer,Amazon Web Services,1
S79782527,Lawrence Harrington,Computer Science,Machine Learning Engineer,Cox Automotive,2
S82269803,Austin Osborne,Data Science,Data Scientist Intern,Deloitte,4
S36445607,James Bradley,Computer Science,Backend Developer,NCR Voyix,3
S58884978,Meghan Rush,Computer Science,Cloud Engineer,Cox Automotive,3
S67887757,Phillip Berry,Computer Science,Cloud Engineer,Google Cloud,2
S19391725,Jennifer Banks,Computer Science,Cloud Engineer,Microsoft,2
S99152472,Brian Fitzgerald,Data Science,Data Scientist Intern,Google Cloud,1
S54318698,Mr. Justin Green III,Computer Science,Software Engineer Intern,Cox Automotive,2
S93638503,Zachary Mitchell,Data Science,AI Research Intern,Cox Automotive,3
S52133044,Katherine Martinez,Software Engineering,QA Automation Engineer,Google Cloud,4
S99038359,Jodi Roach,Computer Science,Machine Learning Engineer,Cox Automotive,1
S26726926,Brandon Fleming,Computer Science,Cloud Engineer,NCR Voyix,2
S50308572,Emma Reed,Data Science,Machine Learning Engineer,Google Cloud,2
S78064830,Joshua Vance,Computer Science,Full-Stack Developer,Cox Automotive,2
S51511484,Michelle Ho,Data Science,Machine Learning Engineer,Google Cloud,2
S99508850,Rebecca Hicks,Mechanical Engineering,Product Design Engineer,Google Cloud,2
S64813568,Curtis Taylor,Computer Science,Software Engineer Intern,Cox Automotive,1
S53779528,Allison Spencer,Analytics,BI Developer,Adobe,4
S64009265,Robert Arnold,Data Science,Machine Learning Engineer,Adobe,1
S49682169,Angelica Parker,Computer Science,Full-Stack Developer,Google Cloud,5
S84411983,Dr. Kelly Hammond DVM,Computer Science,Software Engineer Intern,Delta Air Lines,3
S27084279,William Day,Computer Science,Full-Stack Developer,Mercedes-Benz,4
S35748341,Michael Cooper,Computer Science,Software Engineer Intern,Amazon Web Services,2
S66431351,Penny Bowman,Data Science,Data Scientist Intern,Adobe,5
S99245317,Vincent Reynolds,Computer Science,Software Engineer Intern,Deloitte,3
S60888017,Amy Martinez,Computer Science,Full-Stack Developer,Mercedes-Benz,5
S33357554,Christopher Morris,Analytics,BI Developer,Salesforce,1
S92613013,Hannah Everett,Computer Science,Software Engineer Intern,Cox Automotive,2
S86384014,Sarah King,Computer Science,Software Engineer Intern,Home Depot,4
S50392808,Krista Martinez,Data Science,Data Analyst,Microsoft,4
S64502486,Joseph Shaw,Information Systems,IT Analyst,Google Cloud,5
S83542887,Todd Moore,Analytics,Analytics Consultant,Cox Automotive,1
S10054484,Michelle Jacobs,Data Science,Machine Learning Engineer,Salesforce,2
S50785405,Kristy Bryan,Analytics,BI Developer,Google Cloud,1
S48508907,Angel May,Data Science,AI Research Intern,Microsoft,2
S38210242,Marilyn Wang,Computer Science,Software Engineer Intern,Home Depot,1
S67698610,Mark Jimenez,Data Science,Data Analyst,Cox Automotive,2
S87844239,Donna Frye,Computer Science,Backend Developer,Google Cloud,2
S91424737,Dr. Michael Evans,Data Science,Data Engineer,Google Cloud,3
S97873101,Anthony Gonzales,Computer Science,Backend Developer,Microsoft,3
S53251559,Mr. Lawrence Edwards,Information Systems,IT Analyst,Amazon Web Services,1
S72409658,Morgan Valencia,Data Science,AI Research Intern,Adobe,1
S69295515,Bianca Wood,Computer Science,Full-Stack Developer,Google Cloud,4
S69345683,Emma Owens,Data Science,Data Engineer,Cox Automotive,5
S38682516,David Davis,Computer Science,Backend Developer,Adobe,1
S78608612,James Gilbert,Electrical Engineering,Automotive Software Engineer,Microsoft,2
S73509974,Sean Moore,Information Systems,IT Analyst,Cox Automotive,1
S32775593,Kenneth Edwards,Computer Science,Machine Learning Engineer,Adobe,2
S98429450,Kathleen Robertson,Computer Science,Software Engineer Intern,Google Cloud,4
S21381064,Mr. Alexander Landry MD,Computer Science,Backend Developer,Mercedes-Benz,3
S48089166,Cindy Gomez,Computer Science,Software Engineer Intern,Google Cloud,1
S79182797,Johnny Khan,Data Science,Data Scientist Intern,Cox Automotive,5
S99100953,Julie Herrera,Business Administration,Business Analyst,Cox Automotive,4
S94951883,Jessica Khan,Cybersecurity,Cloud Security Engineer,Adobe,5
S93115778,Pamela Diaz,Data Science,Data Engineer,Adobe,5
S54988206,Kelly Lee,Software Engineering,DevOps Engineer,Mercedes-Benz,5
S22534217,Angel Gordon,Business Administration,Product Manager Intern,Microsoft,5
S41523529,Diana Hays,Information Systems,Systems Analyst,Cox Automotive,4
S51663795,Barbara Hester,Computer Science,Full-Stack Developer,Adobe,1
S40150759,Robert Morgan,Statistics,Statistician,Microsoft,4
S36726767,Nicole Gonzalez,Cybersecurity,Penetration Tester,Adobe,2
S29777514,Kathryn Williams,Analytics,Data Analyst,Mercedes-Benz,1
S13278320,Gary Wells,Business Administration,Product Manager Intern,Google Cloud,1
S16202700,Larry Robertson,Computer Science,Backend Developer,Georgia-Pacific,5
S42862209,Louis Martin,Data Science,Data Engineer,Mercedes-Benz,1
S73771720,Nancy Evans MD,Analytics,Data Scientist Intern,Cox Automotive,4
S92043803,Kim Erickson,Computer Science,Full-Stack Developer,Cox Automotive,2
S19774839,Robert Richardson,Computer Science,Cloud Engineer,Delta Air Lines,4
S71124923,Veronica Silva,Information Systems,Product Analyst,Adobe,3
S65625330,Molly Watts,Computer Science,Backend Developer,Cox Automotive,5
S94525678,John Coffey,Computer Science,Software Engineer Intern,Cox Automotive,4
S87265240,Paula Lane,Data Science,Data Scientist Intern,Google Cloud,2
S36096655,Lauren Jackson,Data Science,AI Research Intern,Adobe,1
S61536717,Lisa Randall,Computer Science,Cloud Engineer,Delta Air Lines,5
S76354180,Michael Johnson,Computer Science,Cloud Engineer,Cox Automotive,2
S63640499,Ashley Smith,Statistics,Data Analyst,Mercedes-Benz,3
S42747037,Christian Vaughn,Computer Science,Backend Developer,Cox Automotive,4
S29806690,Reginald Knapp,Cybersecurity,Penetration Tester,Microsoft,2
S98054615,Nancy Brown,Computer Science,Software Engineer Intern,Amazon Web Services,2
S10744212,Daniel Nguyen,Computer Science,Software Engineer Intern,Delta Air Lines,2
S24305904,Kelly Edwards,Computer Science,Machine Learning Engineer,Mercedes-Benz,1
S67062156,Thomas Peterson,Analytics,Analytics Consultant,Georgia-Pacific,1
S39372360,Raymond Le,Computer Science,Software Engineer Intern,Cox Automotive,4
S33607110,Melissa Bishop,Software Engineering,Software Engineer Intern,Georgia-Pacific,3
S79519112,David Grant,Computer Science,Machine Learning Engineer,Cox Automotive,5
S72350830,William Evans,Data Science,AI Research Intern,Mercedes-Benz,4
S16740197,Daniel Bush,Analytics,Data Analyst,Adobe,2
S84813739,Gregory Peck,Computer Science,Machine Learning Engineer,NCR Voyix,1
S43446826,Denise Martinez,Analytics,Data Scientist Intern,Adobe,3
S26288475,Jamie Baird,Data Science,Data Analyst,Mercedes-Benz,1
S71265269,Tina Ballard,Computer Science,Backend Developer,Mercedes-Benz,5
S27896471,Dwayne Klein,Computer Science,Full-Stack Developer,Amazon Web Services,4
S72363359,Jeremy Scott,Software Engineering,Backend Developer,Mercedes-Benz,4
S99600766,Dale Ryan,Data Science,Data Analyst,Mercedes-Benz,4
S81287314,Melissa Taylor,Computer Science,Software Engineer Intern,Adobe,2
S85017682,Laurie Sanchez,Computer Science,Cloud Engineer,Cox Automotive,4
S89920257,Kiara Little,Analytics,Data Scientist Intern,Deloitte,2
S52587010,Jason Love,Computer Science,Backend Developer,Adobe,1
S69401199,Randy Smith,Information Systems,Systems Analyst,Google Cloud,4
S92228802,Tanya Russell,Data Science,Machine Learning Engineer,Cox Automotive,5
S77750178,Sherry Woods,Data Science,Data Engineer,Georgia-Pacific,1
S67276174,Victor Morris,Information Systems,Product Analyst,Home Depot,5
S83534128,Susan Davis,Computer Science,Backend Developer,Delta Air Lines,4
S69849511,Kimberly Sharp,Analytics,Data Analyst,Mercedes-Benz,1
S31361812,Susan Thompson,Computer Science,Full-Stack Developer,Adobe,5
S73709724,Casey Gillespie,Data Science,Data Engineer,Georgia-Pacific,2
S70407340,Jennifer Simpson DVM,Software Engineering,Backend Developer,Google Cloud,3
S44788100,Tammy Mcdowell,Computer Science,Backend Developer,Google Cloud,2
S43183955,Keith Rodriguez,Software Engineering,Backend Developer,Salesforce,3
S95585469,Mrs. Virginia Daniels,Information Systems,Cloud Engineer,Google Cloud,3
S47220099,Todd Rosales MD,Data Science,Machine Learning Engineer,Salesforce,4
S79967676,Brian Martin,Software Engineering,QA Automation Engineer,Google Cloud,2
S75041510,David Lopez,Information Systems,Product Analyst,Adobe,5
S94120751,Rachel Bradley,Software Engineering,QA Automation Engineer,Adobe,3
S42111036,Casey Chase,Computer Science,Software Engineer Intern,Home Depot,5
S46855845,Samantha Robertson,Data Science,Data Analyst,Cox Automotive,5
S69038700,Michael Lopez,Data Science,Data Analyst,Adobe,5
S20399639,Franklin Wright,Computer Science,Machine Learning Engineer,Cox Automotive,1
S48349783,David Molina,Computer Science,Cloud Engineer,Cox Automotive,1
S41473195,Elizabeth Sharp,Software Engineering,Backend Developer,Mercedes-Benz,3
S46468984,Matthew Schwartz,Computer Science,Software Engineer Intern,Adobe,1
S55076693,Bryan Parker,Information Systems,IT Analyst,Mercedes-Benz,4
S52910691,Jonathan Jacobson,Statistics,Data Analyst,Mercedes-Benz,4
S82498004,Emily Wilson,Data Science,AI Research Intern,Cox Automotive,4
S20814950,Elizabeth Mendez,Software Engineering,DevOps Engineer,Cox Automotive,1
S28572252,Casey Hernandez,Software Engineering,Software Engineer Intern,Adobe,3
S30244148,Lisa Perry,Computer Science,Software Engineer Intern,Cox Automotive,2
S41039390,Kaitlin Medina,Electrical Engineering,Embedded Systems Engineer,Microsoft,5
S61410126,Colleen Wright,Mathematics,Quantitative Analyst,Adobe,5
S30509175,Shelley Miller,Electrical Engineering,Automotive Software Engineer,Cox Automotive,2
S38716269,Michael Miller,Analytics,BI Developer,Cox Automotive,1
S18620650,Amy Kelley,Data Science,Machine Learning Engineer,Mercedes-Benz,5
S65682626,Laura Hernandez,Information Systems,Product Analyst,Google Cloud,3
S64707061,Joseph Wilson,Computer Science,Software Engineer Intern,Mercedes-Benz,5
S54410148,Kevin Davis,Cybersecurity,Security Analyst,Cox Automotive,1
S82828034,Rhonda Chavez,Data Science,Data Engineer,Delta Air Lines,5
S72535301,Joyce Brown,Data Science,Data Scientist Intern,Cox Automotive,2
S65804273,Robert Cummings,Analytics,Business Analyst,Mercedes-Benz,1
S18357162,Robert Reese,Data Science,AI Research Intern,Mercedes-Benz,3
S37760841,Amber Cooper,Computer Science,Full-Stack Developer,Mercedes-Benz,3
S66390708,Zachary Michael,Electrical Engineering,Hardware Engineer,Cox Automotive,1
S62274692,Timothy Johnson,Computer Science,Machine Learning Engineer,Adobe,3
S88393811,Randy Cannon,Analytics,Data Analyst,Microsoft,1
S12621534,Maria Fisher,Computer Science,Cloud Engineer,Amazon Web Services,4
S87267850,Janet Kane DVM,Business Administration,Technical Program Manager,Adobe,1
S61053877,Michael Stanley,Cybersecurity,Penetration Tester,Mercedes-Benz,5
S74019136,Martha Bailey,Analytics,BI Developer,Google Cloud,2
S10791358,Joshua Rice,Data Science,Data Scientist Intern,Mercedes-Benz,1
S57212267,Courtney Smith,Data Science,Data Analyst,Amazon Web Services,5
S50079111,Edwin Nunez,Computer Science,Machine Learning Engineer,Cox Automotive,2
S62343121,Kim Morrow,Business Administration,Product Manager Intern,Cox Automotive,4
S66240084,Gregory Hill,Computer Science,Machine Learning Engineer,Adobe,2
S82238741,Molly Rodriguez,Cybersecurity,Cloud Security Engineer,Adobe,1
S83300637,Jennifer Miranda,Computer Science,Full-Stack Developer,Mercedes-Benz,3
S90967191,Alexis Harris,Cybersecurity,Penetration Tester,Mercedes-Benz,1
S39600202,Andrew Harper,Software Engineering,QA Automation Engineer,Cox Automotive,2
S75529051,Amber Yang,Computer Science,Full-Stack Developer,Google Cloud,1
S39450273,David Robinson,Mechanical Engineering,Product Design Engineer,Amazon Web Services,3
S46632757,Amy Gordon,Cybersecurity,Cloud Security Engineer,NCR Voyix,3
S68496914,Robert Dennis,Data Science,AI Research Intern,Google Cloud,4
S75181765,Kyle Chambers,Computer Science,Cloud Engineer,Mercedes-Benz,5
S13895645,Eric Thomas,Analytics,BI Developer,Cox Automotive,3
S62191530,Connie Turner,Analytics,Business Analyst,Microsoft,3
S55114543,Travis Hobbs,Electrical Engineering,Embedded Systems Engineer,Adobe,3
S99774697,Lori Simmons,Data Science,AI Research Intern,Delta Air Lines,1
S64266464,William David DDS,Business Administration,Product Manager Intern,Cox Automotive,4
S32151928,Emma Butler,Software Engineering,Backend Developer,Adobe,4
S72732043,James Webster,Analytics,Business Analyst,Cox Automotive,2
S27129912,Samuel Turner,Mechanical Engineering,Manufacturing Engineer,Microsoft,5
S93517915,Renee Melendez,Cybersecurity,Security Analyst,Mercedes-Benz,2
S81688860,Tracy Grant,Computer Science,Full-Stack Developer,Mercedes-Benz,5
S13619375,David Harris,Electrical Engineering,Embedded Systems Engineer,Cox Automotive,2
S62884503,Tammy Boone,Cybersecurity,Security Analyst,Cox Automotive,1
S89442503,Nathaniel Lee,Mechanical Engineering,Product Design Engineer,Cox Automotive,3
S85751409,Michael Morrison,Software Engineering,QA Automation Engineer,Google Cloud,1
S98986321,Chelsea Gill,Analytics,Data Analyst,Mercedes-Benz,5
S13637575,Kristin Mendoza,Data Science,AI Research Intern,Google Cloud,3
S21267237,Felicia Krueger,Data Science,Data Engineer,Microsoft,1
S96268397,Timothy Hayden,Computer Science,Machine Learning Engineer,Cox Automotive,5
S67527432,Zachary Mendoza,Software Engineering,DevOps Engineer,Delta Air Lines,2
S28213276,Larry Harris,Analytics,Analytics Consultant,Google Cloud,5
S71968116,Kristen Rowe,Computer Science,Software Engineer Intern,Mercedes-Benz,2
S34391257,Joseph Howard,Analytics,Data Scientist Intern,Amazon Web Services,2
S16749089,Jose Crawford,Computer Science,Cloud Engineer,Google Cloud,3
S44917589,William Harrison,Data Science,AI Research Intern,Delta Air Lines,4
S60882459,Suzanne Wood,Computer Science,Machine Learning Engineer,Adobe,5
S53936531,Justin Walker,Software Engineering,QA Automation Engineer,Google Cloud,1
S38408562,Dean Donovan,Data Science,Data Engineer,Google Cloud,5
S71028710,Jennifer Hernandez,Analytics,Analytics Consultant,Google Cloud,4
S53868501,James Whitaker,Computer Science,Cloud Engineer,Google Cloud,3
S55298556,Mr. Michael Scott PhD,Computer Science,Cloud Engineer,Cox Automotive,5
S60885459,Maria Henry,Information Systems,IT Analyst,Amazon Web Services,5
S47346970,Robert Jackson,Data Science,Data Engineer,Google Cloud,1
S66581473,Katherine Stark,Analytics,Analytics Consultant,Adobe,4
S43859311,Maria Brown,Data Science,Data Scientist Intern,Google Cloud,5
S20993268,Ryan Landry,Software Engineering,Backend Developer,Microsoft,2
S73123515,Pamela Gutierrez,Analytics,BI Developer,Georgia-Pacific,3
S12601580,Crystal Mann,Data Science,Machine Learning Engineer,Delta Air Lines,5
S82399599,Jonathan Brooks,Computer Science,Software Engineer Intern,Mercedes-Benz,3
S16990811,Mary Jensen,Information Systems,Systems Analyst,Home Depot,3
S56970882,Mr. Aaron Arnold,Analytics,Data Analyst,Adobe,3
S40094589,Joseph Hill,Data Science,Data Engineer,Mercedes-Benz,5
S97260863,Alicia Li,Computer Science,Software Engineer Intern,Mercedes-Benz,5
S19209801,Renee Browning,Analytics,Data Scientist Intern,Cox Automotive,2
S97477029,Brent Hernandez,Data Science,AI Research Intern,Google Cloud,4
S15403355,Joseph Ochoa,Computer Science,Backend Developer,Cox Automotive,2
S14164775,James Watson,Data Science,Data Analyst,Georgia-Pacific,4
S43189803,Karl Branch,Computer Science,Backend Developer,Amazon Web Services,4
S36757737,Michael Abbott,Data Science,Machine Learning Engineer,Adobe,1
S12735359,Shannon Malone,Computer Science,Cloud Engineer,Adobe,2
S93394260,James Tran,Analytics,Data Analyst,Mercedes-Benz,1
S30452412,Adam Jackson,Computer Science,Machine Learning Engineer,Google Cloud,4
S42016960,Mr. Richard Knight PhD,Data Science,AI Research Intern,Mercedes-Benz,1
S26941092,Joseph Williams,Analytics,Analytics Consultant,Salesforce,3
S73560289,Sean Clay,Information Systems,Systems Analyst,Cox Automotive,1
S99853245,Anthony Jones,Analytics,Data Analyst,Adobe,3
S25353091,Stephanie Elliott,Data Science,Data Scientist Intern,Mercedes-Benz,5
S85694715,Timothy Edwards,Data Science,Data Scientist Intern,Delta Air Lines,3
S39254705,Laurie Goodwin,Mathematics,Data Scientist Intern,Microsoft,5
S72415804,Jennifer Jones,Analytics,BI Developer,NCR Voyix,2
S44392446,David Davenport,Data Science,AI Research Intern,Adobe,2
S59512272,Steven Rivera,Computer Science,Machine Learning Engineer,Cox Automotive,2
S32520277,Brenda Hinton,Information Systems,Systems Analyst,Adobe,1
S91321540,Kathryn Mccann,Analytics,Data Analyst,Cox Automotive,1
S91503378,Jeffrey Roberson,Data Science,Data Engineer,Amazon Web Services,5
S25372341,Randy Friedman,Computer Science,Software Engineer Intern,Google Cloud,1
S31980274,Raymond Johnson,Computer Science,Software Engineer Intern,Mercedes-Benz,4
S51746937,Willie Henry,Computer Science,Cloud Engineer,Mercedes-Benz,2
S24508768,Todd Reynolds,Computer Science,Software Engineer Intern,Adobe,1
S87669750,Mary Miller,Analytics,Analytics Consultant,Google Cloud,2
S13446499,Rebecca Marquez,Data Science,Data Scientist Intern,Mercedes-Benz,5
S51870192,Christian Dawson,Computer Science,Software Engineer Intern,Amazon Web Services,4
S87282128,Nancy Stewart,Computer Science,Backend Developer,Amazon Web Services,5
S60372847,Aaron Parker,Business Administration,Business Analyst,Google Cloud,3
S63238057,Derrick Anderson,Computer Science,Full-Stack Developer,Mercedes-Benz,2
S36619372,Jerry Peters,Analytics,BI Developer,Adobe,1
S20200074,Alexander Gomez,Computer Science,Software Engineer Intern,Georgia-Pacific,5
S89470029,Kyle Nguyen,Analytics,Data Analyst,Home Depot,5
S94187049,Edgar Hughes,Computer Science,Software Engineer Intern,Georgia-Pacific,2
S42594692,Steven Stein,Data Science,Data Engineer,Adobe,1
S23676961,Laura Jackson,Computer Science,Backend Developer,NCR Voyix,3
S50477742,Charles Turner,Data Science,Data Engineer,Mercedes-Benz,1
S90585882,Arthur Hamilton MD,Computer Science,Software Engineer Intern,Cox Automotive,2
S26247735,Mr. David Wright,Analytics,Data Analyst,Adobe,4
S85958181,Linda Gonzalez,Statistics,Data Analyst,NCR Voyix,1
S15512205,Eric Rush,Data Science,Data Engineer,Cox Automotive,4
S56600900,Manuel Brock,Data Science,AI Research Intern,Adobe,4
S81503856,George Ochoa,Analytics,BI Developer,Amazon Web Services,2
S67495923,Valerie Taylor,Computer Science,Software Engineer Intern,Deloitte,2
S98787891,Travis Harris,Computer Science,Full-Stack Developer,Mercedes-Benz,5
S59737181,Vincent Novak,Analytics,Data Analyst,Google Cloud,3
S19255216,Michael Henry,Analytics,Data Analyst,Mercedes-Benz,4
S77908907,Dana Bennett,Computer Science,Machine Learning Engineer,Mercedes-Benz,1
S96911784,Jenna Wilson,Computer Science,Cloud Engineer,Cox Automotive,5
S55799273,Leslie Gardner,Information Systems,Systems Analyst,Salesforce,3
S11698142,Krista Benton,Data Science,Data Analyst,Cox Automotive,2
S66379329,Michael Gonzales,Data Science,AI Research Intern,Cox Automotive,5
S75793759,Michael Fuentes,Electrical Engineering,Automotive Software Engineer,Cox Automotive,2
S24165187,Jennifer Porter,Data Science,AI Research Intern,Delta Air Lines,2
S68186525,Dana Hopkins,Computer Science,Machine Learning Engineer,Adobe,3
S58612055,Rachel Jones,Business Administration,Product Manager Intern,Mercedes-Benz,5
S95306788,Karen Morales DDS,Analytics,BI Developer,Amazon Web Services,1
S71705170,Melissa Stephens,Data Science,Data Analyst,Mercedes-Benz,4
S30534124,Heather Woodard,Data Science,Data Scientist Intern,Deloitte,1
S68450095,Margaret Miller,Computer Science,Machine Learning Engineer,Cox Automotive,5
S33640702,Mary Kelly,Computer Science,Software Engineer Intern,Amazon Web Services,5
S80027662,Amanda Terrell,Analytics,Data Scientist Intern,Google Cloud,4
S97302916,Jennifer Goodwin,Statistics,Data Analyst,Delta Air Lines,2
S46249845,Jessica Smith,Cybersecurity,Cloud Security Engineer,Google Cloud,5
S92666356,Jorge Stone,Analytics,Analytics Consultant,Google Cloud,1
S82232344,Laura Griffin,Computer Science,Backend Developer,Cox Automotive,3
S74893936,Raymond Chapman,Software Engineering,Backend Developer,Google Cloud,3
S72394301,Haley Johnson,Information Systems,IT Analyst,Georgia-Pacific,4
S68461818,Jason Nixon,Computer Science,Machine Learning Engineer,Cox Automotive,5
S89520597,Todd Thomas,Computer Science,Software Engineer Intern,Home Depot,4
S46023439,Jesse Clark,Computer Science,Backend Developer,Google Cloud,1
S53258988,Mr. Jeffrey Horton,Information Systems,IT Analyst,Home Depot,5
S42949803,Eric Patrick,Computer Science,Machine Learning Engineer,Mercedes-Benz,5
S21631697,Samuel Wong,Statistics,Statistician,Salesforce,1
S47437115,Carly Riggs,Analytics,Business Analyst,Google Cloud,4
S70505620,Christopher Moore,Cybersecurity,Cloud Security Engineer,Home Depot,2
S42730796,Tina Hall,Analytics,Data Analyst,Microsoft,2
S72372114,Cody Davidson,Computer Science,Full-Stack Developer,Google Cloud,3
S86483924,Allen Mendez,Data Science,AI Research Intern,Mercedes-Benz,5
S91917334,Kevin Price,Mechanical Engineering,Automotive Engineer,Adobe,3
S99682738,Christine Goodwin,Business Administration,Business Analyst,Amazon Web Services,2
S60867083,Amy Garcia,Data Science,Data Analyst,Adobe,5
S55150390,Chelsea Nguyen,Cybersecurity,Penetration Tester,Microsoft,5
S13852048,Dennis Huffman,Analytics,Data Analyst,Adobe,3
S76344695,Margaret Harper,Analytics,Data Analyst,Deloitte,2
S53622663,Laurie Bailey,Data Science,Data Engineer,Google Cloud,3
S34406132,Lisa Cervantes,Analytics,Data Scientist Intern,Google Cloud,4
S75437844,Elizabeth Mendez,Analytics,Data Scientist Intern,Adobe,4
S38470244,Cesar Wilson,Software Engineering,Software Engineer Intern,Cox Automotive,2
S57623800,Clayton Steele,Computer Science,Software Engineer Intern,Cox Automotive,2
S44675473,Jennifer Taylor,Business Administration,Technical Program Manager,Adobe,1
S55679506,Cody Reid,Analytics,Analytics Consultant,Adobe,5
S47535126,Maria Cooke,Computer Science,Machine Learning Engineer,Cox Automotive,5
S90014570,Katherine Taylor,Cybersecurity,Penetration Tester,Google Cloud,4
S47080140,Jerry Brown,Computer Science,Cloud Engineer,Google Cloud,1
S84597009,Adam Taylor,Mechanical Engineering,Manufacturing Engineer,Mercedes-Benz,3
S11362459,Tracey Wagner,Statistics,Statistician,Cox Automotive,3
S79340535,Michael Perry PhD,Computer Science,Machine Learning Engineer,Delta Air Lines,3
S35643159,Bradley Johnson DDS,Information Systems,Systems Analyst,Amazon Web Services,2
S21490777,Donald Medina,Computer Science,Backend Developer,Deloitte,1
S42394260,Jim Newton,Computer Science,Backend Developer,Microsoft,1
S64549859,Krista Wilson,Data Science,AI Research Intern,Adobe,3
S75575808,Reginald Morrow,Computer Science,Full-Stack Developer,Delta Air Lines,1
S84514489,Rodney Williams,Data Science,Machine Learning Engineer,Cox Automotive,3
S42255732,Kimberly Fritz,Analytics,Data Scientist Intern,Delta Air Lines,3
S73900135,Ronald Potter,Data Science,Data Analyst,Google Cloud,1
S96691619,Zachary Cole,Software Engineering,Backend Developer,Google Cloud,2
S75876924,Robert Gonzales,Analytics,Data Scientist Intern,Cox Automotive,5
S70152969,Patricia Young PhD,Analytics,Business Analyst,Adobe,2
S12314351,Heather Page,Analytics,Analytics Consultant,Adobe,2
S22489409,Carol Taylor,Statistics,Data Scientist Intern,Google Cloud,5
S49491631,Daniel Brown,Software Engineering,Software Engineer Intern,Cox Automotive,3
S39742165,Douglas Ryan,Data Science,Data Analyst,Georgia-Pacific,2
S64277800,Michael Roberts,Statistics,Data Scientist Intern,NCR Voyix,4
S42655866,Scott Duke,Mechanical Engineering,Automotive Engineer,Mercedes-Benz,5
S51098277,Anna Estes,Information Systems,IT Analyst,Georgia-Pacific,3
S99115205,Tamara Riddle,Data Science,Data Analyst,Mercedes-Benz,1
S88055069,Beth Cline,Computer Science,Backend Developer,Adobe,1
S59529086,Michael Poole,Mathematics,Quantitative Analyst,Salesforce,5
S73519947,Megan Burns,Analytics,Business Analyst,Adobe,2
S84285882,Debra Perry,Cybersecurity,Cloud Security Engineer,Delta Air Lines,2
S81259135,Mark Beard,Analytics,BI Developer,Google Cloud,1
S56138336,Jose Ramirez,Information Systems,Systems Analyst,Cox Automotive,3
S67110154,Jackie Clements,Computer Science,Software Engineer Intern,Cox Automotive,3
S83871890,Aaron Schroeder,Analytics,Data Scientist Intern,Delta Air Lines,3
S54398056,Monica Ellis,Data Science,AI Research Intern,Google Cloud,4
S57219209,Heather Brown,Data Science,AI Research Intern,Google Cloud,5
S70900658,Claudia Jordan,Computer Science,Full-Stack Developer,Cox Automotive,5
S46361787,Derrick Clayton,Computer Science,Software Engineer Intern,Adobe,5
S51154241,Kenneth Knight,Computer Science,Cloud Engineer,Google Cloud,3
S43742830,Mr. Michael Williams,Information Systems,Cloud Engineer,Mercedes-Benz,1
S40942292,Richard Stevens,Data Science,Data Analyst,Adobe,4
S26194158,Scott Alexander,Software Engineering,Backend Developer,Salesforce,2
S35848226,Tyler Harris,Computer Science,Cloud Engineer,Salesforce,1
S52352128,Bonnie Santos,Analytics,Data Scientist Intern,Cox Automotive,1
S26046365,Timothy Hill,Computer Science,Full-Stack Developer,Mercedes-Benz,5
S81922443,Danielle Watson,Mathematics,Data Scientist Intern,Adobe,3
S34850391,Carol Sanders,Computer Science,Full-Stack Developer,Cox Automotive,2
S35708194,Michael Young,Computer Science,Cloud Engineer,Cox Automotive,2
S39042654,Michele Smith,Analytics,Data Scientist Intern,Delta Air Lines,5
S74988034,Casey Perez,Data Science,Data Analyst,Cox Automotive,1
S47111151,Alexandra Dominguez,Computer Science,Backend Developer,Microsoft,4
S89133014,Virginia Henderson,Statistics,Data Analyst,Cox Automotive,2
S80415568,Benjamin Reyes,Computer Science,Full-Stack Developer,Cox Automotive,2
S90099897,Ashley Edwards,Data Science,AI Research Intern,Adobe,3
S47983442,Breanna Ayala,Analytics,Data Analyst,Google Cloud,3
S23492385,Brandi Haney,Software Engineering,QA Automation Engineer,Cox Automotive,3
S36054020,Joseph Smith,Computer Science,Backend Developer,Google Cloud,4
S49761527,Jessica Bowen,Computer Science,Cloud Engineer,Cox Automotive,3
S40532273,Brittany Jenkins,Electrical Engineering,Hardware Engineer,Mercedes-Benz,3
S58436637,Shannon Miller,Data Science,Data Scientist Intern,Cox Automotive,5
S34084236,Paul Lawrence,Computer Science,Cloud Engineer,Delta Air Lines,2
S50569669,Victor Edwards,Electrical Engineering,Embedded Systems Engineer,Adobe,1
S11898961,Donald Miller,Information Systems,IT Analyst,Delta Air Lines,1
S81690398,Lindsay Lawson,Software Engineering,QA Automation Engineer,Microsoft,2
S26989677,Melissa Abbott,Mechanical Engineering,Product Design Engineer,Adobe,5
S46817443,Elizabeth Holmes,Data Science,Machine Learning Engineer,Adobe,2
S16109013,Nicole Phillips,Electrical Engineering,Automotive Software Engineer,Microsoft,3
S17318358,Steven Blevins,Computer Science,Full-Stack Developer,Mercedes-Benz,4
S84270583,Brian Porter MD,Data Science,Data Scientist Intern,Google Cloud,5
S49209916,Vanessa Hatfield,Analytics,Data Scientist Intern,Cox Automotive,2
S26948946,Bonnie Valencia,Computer Science,Full-Stack Developer,Google Cloud,2
S95613415,Holly Vega,Information Systems,Cloud Engineer,Home Depot,1
S75884623,Tiffany Townsend,Computer Science,Machine Learning Engineer,Adobe,3
S23769080,Austin Baker,Data Science,Data Scientist Intern,Google Cloud,5
S11646234,Antonio Mccormick,Mechanical Engineering,Manufacturing Engineer,Mercedes-Benz,4
S87049595,Lori Mason,Electrical Engineering,Embedded Systems Engineer,Deloitte,3
S48163378,Michael Miller,Computer Science,Full-Stack Developer,Google Cloud,3
S73001391,Lisa Ramirez,Cybersecurity,Cloud Security Engineer,Google Cloud,5
S74251933,Jorge Harris,Computer Science,Machine Learning Engineer,Adobe,1
S69118721,Kimberly Myers,Data Science,AI Research Intern,Salesforce,2
S55728776,Sandra Becker,Data Science,Data Engineer,Amazon Web Services,3
S34744872,Michael Blair,Data Science,AI Research Intern,NCR Voyix,1
S16895666,Amy Miller,Data Science,Machine Learning Engineer,Mercedes-Benz,2
S43887075,Jesse Lynch,Computer Science,Cloud Engineer,Adobe,2
S74119726,Patrick Yang,Computer Science,Full-Stack Developer,Google Cloud,1
S25312516,Michael Miles,Analytics,BI Developer,Amazon Web Services,1
S18770247,Troy Mills,Data Science,AI Research Intern,Mercedes-Benz,5
S63782042,Michelle Jackson,Computer Science,Machine Learning Engineer,Cox Automotive,1
S76001106,Richard Adams,Computer Science,Full-Stack Developer,Cox Automotive,5
S19943140,Patricia Johnson,Computer Science,Full-Stack Developer,Cox Automotive,2
S87446468,Denise Brown,Computer Science,Backend Developer,Mercedes-Benz,4
S94482772,Laura Jones,Analytics,Data Scientist Intern,Google Cloud,3
S17195288,Ian Porter,Mathematics,Quantitative Analyst,Mercedes-Benz,4
S30364454,Holly Scott,Cybersecurity,Security Analyst,Adobe,4
S30024960,Kenneth Sharp,Analytics,Data Scientist Intern,Delta Air Lines,2
S85543051,Jordan Williams,Analytics,Data Scientist Intern,Adobe,3
S50780112,Dana Ruiz,Mechanical Engineering,Product Design Engineer,Google Cloud,2
S21432787,Chris Velazquez,Data Science,Machine Learning Engineer,Cox Automotive,2
S43311626,Kristen Sloan,Analytics,Data Scientist Intern,Google Cloud,2
S25898299,Jennifer Morris,Analytics,Data Analyst,Mercedes-Benz,5
S84903294,Nathan Nelson,Analytics,Data Scientist Intern,Mercedes-Benz,1
S65857931,Jake Shaw,Computer Science,Backend Developer,Georgia-Pacific,5
S91378577,Cassie Brock,Software Engineering,QA Automation Engineer,Google Cloud,3
S90010790,Dr. Andrea Marshall,Electrical Engineering,Automotive Software Engineer,Google Cloud,2
S93002706,Ryan Murphy,Mathematics,Data Scientist Intern,Amazon Web Services,4
S40291214,Aimee Gonzalez,Data Science,Data Analyst,Cox Automotive,2
S80138498,Elizabeth Dean,Computer Science,Backend Developer,Georgia-Pacific,1
S61053474,Kevin Snyder,Computer Science,Full-Stack Developer,Mercedes-Benz,2
S70467027,Christie Mccullough,Computer Science,Software Engineer Intern,Google Cloud,1
S69421007,Danielle Smith,Data Science,AI Research Intern,Google Cloud,3
S49910061,David Reed,Data Science,Data Scientist Intern,Cox Automotive,5
S88990506,Sherry Tapia,Computer Science,Full-Stack Developer,Mercedes-Benz,3
S67556566,Matthew Sweeney,Analytics,BI Developer,Microsoft,4
S50987442,Ashley Moreno,Analytics,Data Scientist Intern,Mercedes-Benz,3
S86320155,Johnathan Brown,Analytics,BI Developer,Adobe,3
S93352876,Michelle Davis DVM,Analytics,BI Developer,Microsoft,1
S18083974,Kelly Haynes,Information Systems,Cloud Engineer,Amazon Web Services,2
S91823275,William Miller,Computer Science,Full-Stack Developer,Mercedes-Benz,3
S23318904,Casey Wilkins,Software Engineering,Software Engineer Intern,Cox Automotive,1
S37888820,Keith Graham,Software Engineering,DevOps Engineer,Mercedes-Benz,5
S93955206,Cynthia Green,Data Science,Data Scientist Intern,Adobe,3
S38323322,Robert Haynes,Computer Science,Software Engineer Intern,Microsoft,4
S45520201,Emily Nelson,Analytics,Data Scientist Intern,Adobe,5
S98641164,Dale Chan,Computer Science,Backend Developer,Google Cloud,4
S20896797,Brittney Martin,Computer Science,Full-Stack Developer,Adobe,1
S31079846,Jason Herrera,Software Engineering,DevOps Engineer,Google Cloud,1
S42194159,Christine Parker,Data Science,Data Scientist Intern,Salesforce,1
S33328859,Bryan Moore,Marketing,Product Marketing Intern,Adobe,4
S84087145,Samantha Terry,Data Science,Machine Learning Engineer,Mercedes-Benz,1
S20075036,Russell Murphy,Mechanical Engineering,Product Design Engineer,Adobe,5
S31009452,David Kelly,Mechanical Engineering,Manufacturing Engineer,Adobe,3
S10359129,Megan Green,Computer Science,Backend Developer,Mercedes-Benz,4
S64830300,Amanda Sullivan MD,Analytics,Analytics Consultant,Cox Automotive,5
S70465583,Danielle Murray,Computer Science,Software Engineer Intern,Mercedes-Benz,3
S89699989,Brenda Smith,Mathematics,Data Analyst,Salesforce,5
S73070585,Vickie Anderson,Software Engineering,Backend Developer,Google Cloud,4
S49092160,Jacqueline Mccoy,Analytics,Data Analyst,Microsoft,4
S14380847,Lauren Green,Analytics,Data Scientist Intern,NCR Voyix,4
S41068214,Alison Brown,Computer Science,Software Engineer Intern,Mercedes-Benz,2
S48668783,Jill Anderson,Analytics,Data Analyst,Amazon Web Services,4
S47945817,Sandra Rivera,Statistics,Data Scientist Intern,Google Cloud,3
S70939053,Joel Jackson,Computer Science,Software Engineer Intern,Mercedes-Benz,3
S19553585,Samantha Foster,Computer Science,Backend Developer,Mercedes-Benz,3
S41329612,Michael Thompson,Computer Science,Full-Stack Developer,Adobe,2
S45507920,Cody Ramirez,Data Science,Machine Learning Engineer,Adobe,2
S93893865,Amanda Harvey,Electrical Engineering,Embedded Systems Engineer,Adobe,2
S89160218,Edward Jenkins,Cybersecurity,Cloud Security Engineer,Cox Automotive,1
S98742485,Amy Ramirez,Computer Science,Software Engineer Intern,Google Cloud,4
S36550845,Curtis Wilkerson,Analytics,Data Scientist Intern,Salesforce,4
S67061186,Lydia Pham,Data Science,Data Engineer,Mercedes-Benz,5
S25405014,Virginia Casey,Cybersecurity,Cloud Security Engineer,Cox Automotive,5
S83089925,Joshua Washington,Computer Science,Backend Developer,Microsoft,2
S40173413,Kathryn Price,Computer Science,Machine Learning Engineer,Mercedes-Benz,5
S96924061,Francis Robinson,Computer Science,Cloud Engineer,Mercedes-Benz,2
S29997018,Paula Brown,Data Science,Data Scientist Intern,Google Cloud,4
S45652586,Kendra Wang DVM,Data Science,Data Scientist Intern,Cox Automotive,2
S29090631,Ariel Sandoval,Data Science,Data Scientist Intern,Adobe,5
S19584466,Robert Stark,Cybersecurity,Security Analyst,Google Cloud,2
S18004482,Zachary Robinson,Computer Science,Full-Stack Developer,Adobe,2
S32269779,Rebecca Kelly,Data Science,Machine Learning Engineer,Mercedes-Benz,3
S51286958,Sarah Thompson,Data Science,AI Research Intern,Adobe,2
S89865458,Renee Wolfe,Analytics,Data Scientist Intern,Google Cloud,1
S86397676,Alyssa Haynes,Information Systems,Systems Analyst,Google Cloud,4
S48736657,Kristy Hart,Computer Science,Backend Developer,Mercedes-Benz,1
S68942178,William Keith,Computer Science,Machine Learning Engineer,Cox Automotive,5
S26690465,Eric Henry Jr.,Analytics,Analytics Consultant,Amazon Web Services,3
S72907576,Daniel Fox,Computer Science,Full-Stack Developer,Cox Automotive,1
S50814428,Thomas Harris,Analytics,Business Analyst,Adobe,3
S64023778,Mitchell Sellers,Data Science,Data Scientist Intern,Mercedes-Benz,3
S46540265,Erica Johnson,Computer Science,Cloud Engineer,Google Cloud,3
S77172238,Sylvia Schroeder,Data Science,AI Research Intern,Cox Automotive,5
S82475098,Shannon Yu,Computer Science,Full-Stack Developer,Google Cloud,5
S76276072,Tom Foster,Computer Science,Cloud Engineer,Adobe,5
S68755000,Eric Taylor,Data Science,AI Research Intern,NCR Voyix,4
S20796722,Travis Conner,Analytics,BI Developer,Google Cloud,2
S90267122,Marie Thompson,Cybersecurity,Penetration Tester,Amazon Web Services,3
S15350023,Melissa Mcfarland,Data Science,Data Analyst,Google Cloud,1
S67985905,Courtney Chapman,Computer Science,Cloud Engineer,Adobe,3
S53261270,Eric Barker,Analytics,Analytics Consultant,Google Cloud,4
S91029073,Nicholas Rush,Computer Science,Machine Learning Engineer,Amazon Web Services,3
S43603811,Jenna Gamble,Information Systems,Cloud Engineer,Mercedes-Benz,2
S13471527,Amanda Guzman,Cybersecurity,Security Analyst,Microsoft,3
S22257687,Tracy Walker,Mathematics,Data Analyst,Microsoft,2
S40725714,Taylor Taylor,Computer Science,Software Engineer Intern,Cox Automotive,4
S87201917,Cynthia Haas,Analytics,Business Analyst,Amazon Web Services,5
S88802305,Stephen Davis,Information Systems,IT Analyst,Cox Automotive,5
S12784407,Margaret Tanner,Computer Science,Machine Learning Engineer,Adobe,2
S46173157,Derek Wright,Information Systems,Cloud Engineer,Google Cloud,2
S87342561,David Rodriguez,Analytics,Data Analyst,Cox Automotive,3
S15399803,James Oconnor,Cybersecurity,Cloud Security Engineer,NCR Voyix,4
S33513701,Stacey Snyder,Business Administration,Technical Program Manager,Home Depot,5
S73149551,Joshua Garcia,Data Science,Data Analyst,Cox Automotive,5
S79654147,Sean Curtis,Data Science,Data Analyst,Mercedes-Benz,5
S97444123,Carla Jones,Data Science,Data Engineer,Mercedes-Benz,2
S69355025,Elizabeth Flores,Software Engineering,QA Automation Engineer,Adobe,4
S47333543,Angela Jackson,Computer Science,Cloud Engineer,Cox Automotive,5
S34359060,Nicholas Payne,Software Engineering,DevOps Engineer,Adobe,4
S88561612,Anna Wheeler,Analytics,BI Developer,Home Depot,4
S68503492,Karen Johnson,Computer Science,Machine Learning Engineer,Amazon Web Services,5
S95199362,Carmen Preston,Computer Science,Software Engineer Intern,Google Cloud,2
S75998319,Brian Harris,Data Science,Data Analyst,Mercedes-Benz,2
S22246348,Michael Bowen,Computer Science,Machine Learning Engineer,Delta Air Lines,2
S73083727,Deborah Campbell,Computer Science,Machine Learning Engineer,Google Cloud,5
S56702542,Anthony Armstrong,Information Systems,Product Analyst,Adobe,5
S64807553,Brittany Ward,Software Engineering,QA Automation Engineer,Cox Automotive,1
S54735895,Edward Stanley,Computer Science,Cloud Engineer,Cox Automotive,4
S53091709,Christina Johnson,Analytics,Analytics Consultant,Google Cloud,4
S99943797,Edgar Miller,Computer Science,Software Engineer Intern,Cox Automotive,5
S24039158,Elizabeth Sanders,Computer Science,Software Engineer Intern,Adobe,2
